Workbook

Sheet Google Ads Raw Data
A1: date | B1: impressions | C1: clicks | D1: spend | E1: conversions | F1: revenue
A2: 44927 | B2: 26268 | C2: 522 | D2: 642.96 | E2: 9 | F2: 1385.03
A3: 44928 | B3: 92883 | C3: 1579 | D3: 2194.82 | E3: 37 | F3: 5509.8
A4: 44929 | B4: 14955 | C4: 276 | D4: 312.63 | E4: 6 | F4: 700.19
A5: 44930 | B5: 41109 | C5: 702 | D5: 1265.33 | E5: 13 | F5: 2728.06
A6: 44931 | B6: 37989 | C6: 554 | D6: 798.68 | E6: 13 | F6: 2748.29
A7: 44932 | B7: 61008 | C7: 1085 | D7: 1987.27 | E7: 16 | F7: 2935.19
A8: 44933 | B8: 45181 | C8: 1246 | D8: 1259.46 | E8: 26 | F8: 5185.01
A9: 44934 | B9: 39529 | C9: 395 | D9: 660.13 | E9: 9 | F9: 1433.6
A10: 44935 | B10: 84110 | C10: 1724 | D10: 2344.98 | E10: 32 | F10: 6125.59
A11: 44936 | B11: 70925 | C11: 1312 | D11: 2322.43 | E11: 16 | F11: 3099.87
A12: 44937 | B12: 78307 | C12: 783 | D12: 1417.35 | E12: 17 | F12: 3156.09
A13: 44938 | B13: 70313 | C13: 1265 | D13: 2164.23 | E13: 16 | F13: 3110.42
... A366: 45291 | B366: 88825 | C366: 2184 | D366: 2425.44 | E366: 38 | F366: 5801.42

Sheet Google Ads Solution
A1: Date | B1: Month | C1: Impressions | D1: CTR | E1: Clicks | F1: CPC | G1: CPM | H1: Spend | I1: Conversion rate | J1: Conversions | K1: Avg. conversion value | L1: Revenue | M1: ROAS
A2: 44927 | B2: =MONTH(A2) -> 1 | C2: 26268 | D2: =E2/C2 -> 0.019872088 | E2: 522 | F2: =H2/E2 -> 1.2317241 | G2: =(H2/C2)*1000 -> 24.47693 | H2: 642.96 | I2: =J2/E2 -> 0.017241379 | J2: 9 | K2: =L2/J2 -> 153.89222 | L2: 1385.03 | M2: =L2/H2 -> 2.1541464
A3: 44928 | B3: =MONTH(A3) -> 1 | C3: 92883 | D3: =E3/C3 -> 0.016999882 | E3: 1579 | F3: =H3/E3 -> 1.3900063 | G3: =(H3/C3)*1000 -> 23.629943 | H3: 2194.82 | I3: =J3/E3 -> 0.023432552 | J3: 37 | K3: =L3/J3 -> 148.91351 | L3: 5509.8 | M3: =L3/H3 -> 2.5103653
A4: 44929 | B4: =MONTH(A4) -> 1 | C4: 14955 | D4: =E4/C4 -> 0.018455366 | E4: 276 | F4: =H4/E4 -> 1.1327174 | G4: =(H4/C4)*1000 -> 20.904714 | H4: 312.63 | I4: =J4/E4 -> 0.02173913 | J4: 6 | K4: =L4/J4 -> 116.69833 | L4: 700.19 | M4: =L4/H4 -> 2.2396763
A5: 44930 | B5: =MONTH(A5) -> 1 | C5: 41109 | D5: =E5/C5 -> 0.017076553 | E5: 702 | F5: =H5/E5 -> 1.8024644 | G5: =(H5/C5)*1000 -> 30.779878 | H5: 1265.33 | I5: =J5/E5 -> 0.018518519 | J5: 13 | K5: =L5/J5 -> 209.85077 | L5: 2728.06 | M5: =L5/H5 -> 2.1560067
A6: 44931 | B6: =MONTH(A6) -> 1 | C6: 37989 | D6: =E6/C6 -> 0.014583169 | E6: 554 | F6: =H6/E6 -> 1.4416606 | G6: =(H6/C6)*1000 -> 21.023981 | H6: 798.68 | I6: =J6/E6 -> 0.023465704 | J6: 13 | K6: =L6/J6 -> 211.40692 | L6: 2748.29 | M6: =L6/H6 -> 3.4410402
A7: 44932 | B7: =MONTH(A7) -> 1 | C7: 61008 | D7: =E7/C7 -> 0.017784553 | E7: 1085 | F7: =H7/E7 -> 1.8315853 | G7: =(H7/C7)*1000 -> 32.573925 | H7: 1987.27 | I7: =J7/E7 -> 0.014746544 | J7: 16 | K7: =L7/J7 -> 183.44938 | L7: 2935.19 | M7: =L7/H7 -> 1.4769961
A8: 44933 | B8: =MONTH(A8) -> 1 | C8: 45181 | D8: =E8/C8 -> 0.027577964 | E8: 1246 | F8: =H8/E8 -> 1.0108026 | G8: =(H8/C8)*1000 -> 27.875877 | H8: 1259.46 | I8: =J8/E8 -> 0.020866774 | J8: 26 | K8: =L8/J8 -> 199.42346 | L8: 5185.01 | M8: =L8/H8 -> 4.1168517
A9: 44934 | B9: =MONTH(A9) -> 1 | C9: 39529 | D9: =E9/C9 -> 0.0099926636 | E9: 395 | F9: =H9/E9 -> 1.6712152 | G9: =(H9/C9)*1000 -> 16.699891 | H9: 660.13 | I9: =J9/E9 -> 0.02278481 | J9: 9 | K9: =L9/J9 -> 159.28889 | L9: 1433.6 | M9: =L9/H9 -> 2.1716935
A10: 44935 | B10: =MONTH(A10) -> 1 | C10: 84110 | D10: =E10/C10 -> 0.020496968 | E10: 1724 | F10: =H10/E10 -> 1.3601972 | G10: =(H10/C10)*1000 -> 27.879919 | H10: 2344.98 | I10: =J10/E10 -> 0.018561485 | J10: 32 | K10: =L10/J10 -> 191.42469 | L10: 6125.59 | M10: =L10/H10 -> 2.6122142
A11: 44936 | B11: =MONTH(A11) -> 1 | C11: 70925 | D11: =E11/C11 -> 0.018498414 | E11: 1312 | F11: =H11/E11 -> 1.7701448 | G11: =(H11/C11)*1000 -> 32.744871 | H11: 2322.43 | I11: =J11/E11 -> 0.012195122 | J11: 16 | K11: =L11/J11 -> 193.74187 | L11: 3099.87 | M11: =L11/H11 -> 1.3347528
A12: 44937 | B12: =MONTH(A12) -> 1 | C12: 78307 | D12: =E12/C12 -> 0.0099991061 | E12: 783 | F12: =H12/E12 -> 1.8101533 | G12: =(H12/C12)*1000 -> 18.099914 | H12: 1417.35 | I12: =J12/E12 -> 0.021711367 | J12: 17 | K12: =L12/J12 -> 185.65235 | L12: 3156.09 | M12: =L12/H12 -> 2.2267542
A13: 44938 | B13: =MONTH(A13) -> 1 | C13: 70313 | D13: =E13/C13 -> 0.017990983 | E13: 1265 | F13: =H13/E13 -> 1.7108538 | G13: =(H13/C13)*1000 -> 30.779941 | H13: 2164.23 | I13: =J13/E13 -> 0.012648221 | J13: 16 | K13: =L13/J13 -> 194.40125 | L13: 3110.42 | M13: =L13/H13 -> 1.4371948
... A366: 45291 | B366: =MONTH(A366) -> 12 | C366: 88825 | D366: =E366/C366 -> 0.024587672 | E366: 2184 | F366: =H366/E366 -> 1.1105495 | G366: =(H366/C366)*1000 -> 27.305826 | H366: 2425.44 | I366: =J366/E366 -> 0.017399267 | J366: 38 | K366: =L366/J366 -> 152.66895 | L366: 5801.42 | M366: =L366/H366 -> 2.3919041

Sheet Google Ads Monthly data
A1: Month | B1: Impressions | C1: Clicks | D1: Spend | E1: Conversions | F1: Revenue | G1: Avg. conversion amount | H1: ROAS
A2: {=UNIQUE('Google Ads Solution'!B2:B1000)} -> 1 | B2: =SUMIF('Google Ads Solution'!$B:$B, A2, 'Google Ads Solution'!$C:$C) -> 1740359 | C2: =SUMIF('Google Ads Solution'!$B:$B, A2, 'Google Ads Solution'!$E:$E) -> 32482 | D2: =SUMIF('Google Ads Solution'!$B:$B, A2, 'Google Ads Solution'!$H:$H) -> 49763.69 | E2: =SUMIF('Google Ads Solution'!$B:$B, A2, 'Google Ads Solution'!$J:$J) -> 599 | F2: =SUMIF('Google Ads Solution'!$B:$B, A2, 'Google Ads Solution'!$L:$L) -> 98964.47 | G2: =F2/E2 -> 165.21614 | H2: =F2/D2 -> 1.9886883
A3: 2 | B3: =SUMIF('Google Ads Solution'!$B:$B, A3, 'Google Ads Solution'!$C:$C) -> 1595624 | C3: =SUMIF('Google Ads Solution'!$B:$B, A3, 'Google Ads Solution'!$E:$E) -> 31492 | D3: =SUMIF('Google Ads Solution'!$B:$B, A3, 'Google Ads Solution'!$H:$H) -> 46484.56 | E3: =SUMIF('Google Ads Solution'!$B:$B, A3, 'Google Ads Solution'!$J:$J) -> 555 | F3: =SUMIF('Google Ads Solution'!$B:$B, A3, 'Google Ads Solution'!$L:$L) -> 91888.7 | G3: =F3/E3 -> 165.56523 | H3: =F3/D3 -> 1.9767574
A4: 3 | B4: =SUMIF('Google Ads Solution'!$B:$B, A4, 'Google Ads Solution'!$C:$C) -> 1563829 | C4: =SUMIF('Google Ads Solution'!$B:$B, A4, 'Google Ads Solution'!$E:$E) -> 31976 | D4: =SUMIF('Google Ads Solution'!$B:$B, A4, 'Google Ads Solution'!$H:$H) -> 46468.54 | E4: =SUMIF('Google Ads Solution'!$B:$B, A4, 'Google Ads Solution'!$J:$J) -> 606 | F4: =SUMIF('Google Ads Solution'!$B:$B, A4, 'Google Ads Solution'!$L:$L) -> 91450.71 | G4: =F4/E4 -> 150.90876 | H4: =F4/D4 -> 1.9680134
A5: 4 | B5: =SUMIF('Google Ads Solution'!$B:$B, A5, 'Google Ads Solution'!$C:$C) -> 1946153 | C5: =SUMIF('Google Ads Solution'!$B:$B, A5, 'Google Ads Solution'!$E:$E) -> 37422 | D5: =SUMIF('Google Ads Solution'!$B:$B, A5, 'Google Ads Solution'!$H:$H) -> 59350.63 | E5: =SUMIF('Google Ads Solution'!$B:$B, A5, 'Google Ads Solution'!$J:$J) -> 730 | F5: =SUMIF('Google Ads Solution'!$B:$B, A5, 'Google Ads Solution'!$L:$L) -> 111557.62 | G5: =F5/E5 -> 152.81866 | H5: =F5/D5 -> 1.8796367
A6: 5 | B6: =SUMIF('Google Ads Solution'!$B:$B, A6, 'Google Ads Solution'!$C:$C) -> 1829119 | C6: =SUMIF('Google Ads Solution'!$B:$B, A6, 'Google Ads Solution'!$E:$E) -> 36132 | D6: =SUMIF('Google Ads Solution'!$B:$B, A6, 'Google Ads Solution'!$H:$H) -> 57028.77 | E6: =SUMIF('Google Ads Solution'!$B:$B, A6, 'Google Ads Solution'!$J:$J) -> 698 | F6: =SUMIF('Google Ads Solution'!$B:$B, A6, 'Google Ads Solution'!$L:$L) -> 106923.8 | G6: =F6/E6 -> 153.18596 | H6: =F6/D6 -> 1.8749098
A7: 6 | B7: =SUMIF('Google Ads Solution'!$B:$B, A7, 'Google Ads Solution'!$C:$C) -> 1734777 | C7: =SUMIF('Google Ads Solution'!$B:$B, A7, 'Google Ads Solution'!$E:$E) -> 37280 | D7: =SUMIF('Google Ads Solution'!$B:$B, A7, 'Google Ads Solution'!$H:$H) -> 57115.37 | E7: =SUMIF('Google Ads Solution'!$B:$B, A7, 'Google Ads Solution'!$J:$J) -> 710 | F7: =SUMIF('Google Ads Solution'!$B:$B, A7, 'Google Ads Solution'!$L:$L) -> 111327.35 | G7: =F7/E7 -> 156.79908 | H7: =F7/D7 -> 1.9491662
A8: 7 | B8: =SUMIF('Google Ads Solution'!$B:$B, A8, 'Google Ads Solution'!$C:$C) -> 1648050 | C8: =SUMIF('Google Ads Solution'!$B:$B, A8, 'Google Ads Solution'!$E:$E) -> 35464 | D8: =SUMIF('Google Ads Solution'!$B:$B, A8, 'Google Ads Solution'!$H:$H) -> 53040.79 | E8: =SUMIF('Google Ads Solution'!$B:$B, A8, 'Google Ads Solution'!$J:$J) -> 622 | F8: =SUMIF('Google Ads Solution'!$B:$B, A8, 'Google Ads Solution'!$L:$L) -> 96753.23 | G8: =F8/E8 -> 155.55182 | H8: =F8/D8 -> 1.8241288
A9: 8 | B9: =SUMIF('Google Ads Solution'!$B:$B, A9, 'Google Ads Solution'!$C:$C) -> 1668702 | C9: =SUMIF('Google Ads Solution'!$B:$B, A9, 'Google Ads Solution'!$E:$E) -> 32685 | D9: =SUMIF('Google Ads Solution'!$B:$B, A9, 'Google Ads Solution'!$H:$H) -> 49771.89 | E9: =SUMIF('Google Ads Solution'!$B:$B, A9, 'Google Ads Solution'!$J:$J) -> 594 | F9: =SUMIF('Google Ads Solution'!$B:$B, A9, 'Google Ads Solution'!$L:$L) -> 90231.35 | G9: =F9/E9 -> 151.90463 | H9: =F9/D9 -> 1.8128978
A10: 9 | B10: =SUMIF('Google Ads Solution'!$B:$B, A10, 'Google Ads Solution'!$C:$C) -> 1515813 | C10: =SUMIF('Google Ads Solution'!$B:$B, A10, 'Google Ads Solution'!$E:$E) -> 29053 | D10: =SUMIF('Google Ads Solution'!$B:$B, A10, 'Google Ads Solution'!$H:$H) -> 43201.98 | E10: =SUMIF('Google Ads Solution'!$B:$B, A10, 'Google Ads Solution'!$J:$J) -> 546 | F10: =SUMIF('Google Ads Solution'!$B:$B, A10, 'Google Ads Solution'!$L:$L) -> 87559.49 | G10: =F10/E10 -> 160.36537 | H10: =F10/D10 -> 2.0267472
A11: 10 | B11: =SUMIF('Google Ads Solution'!$B:$B, A11, 'Google Ads Solution'!$C:$C) -> 1799182 | C11: =SUMIF('Google Ads Solution'!$B:$B, A11, 'Google Ads Solution'!$E:$E) -> 36497 | D11: =SUMIF('Google Ads Solution'!$B:$B, A11, 'Google Ads Solution'!$H:$H) -> 50083.93 | E11: =SUMIF('Google Ads Solution'!$B:$B, A11, 'Google Ads Solution'!$J:$J) -> 707 | F11: =SUMIF('Google Ads Solution'!$B:$B, A11, 'Google Ads Solution'!$L:$L) -> 103494.6 | G11: =F11/E11 -> 146.38557 | H11: =F11/D11 -> 2.0664233
A12: 11 | B12: =SUMIF('Google Ads Solution'!$B:$B, A12, 'Google Ads Solution'!$C:$C) -> 1562221 | C12: =SUMIF('Google Ads Solution'!$B:$B, A12, 'Google Ads Solution'!$E:$E) -> 30981 | D12: =SUMIF('Google Ads Solution'!$B:$B, A12, 'Google Ads Solution'!$H:$H) -> 43304.72 | E12: =SUMIF('Google Ads Solution'!$B:$B, A12, 'Google Ads Solution'!$J:$J) -> 567 | F12: =SUMIF('Google Ads Solution'!$B:$B, A12, 'Google Ads Solution'!$L:$L) -> 88827.33 | G12: =F12/E12 -> 156.66196 | H12: =F12/D12 -> 2.0512159
A13: 12 | B13: =SUMIF('Google Ads Solution'!$B:$B, A13, 'Google Ads Solution'!$C:$C) -> 2323911 | C13: =SUMIF('Google Ads Solution'!$B:$B, A13, 'Google Ads Solution'!$E:$E) -> 47450 | D13: =SUMIF('Google Ads Solution'!$B:$B, A13, 'Google Ads Solution'!$H:$H) -> 70220.29 | E13: =SUMIF('Google Ads Solution'!$B:$B, A13, 'Google Ads Solution'!$J:$J) -> 829 | F13: =SUMIF('Google Ads Solution'!$B:$B, A13, 'Google Ads Solution'!$L:$L) -> 132569.52 | G13: =F13/E13 -> 159.91498 | H13: =F13/D13 -> 1.887909

Sheet Pivot Tables
I7: Ay bazında genel performans
I8: Overall performance on a monthly basis
G23: En iyi ay
G24: Best month

Sheet Summary
A1: Summary / Özet | B1: Google Ads
A2: How much did we spend on Google Ads in total this year? / Bu yıl Google Ads'e toplam ne kadar harcadık? | B2: =sum('Google Ads Solution'!H:H) -> 625835.16
A3: How many clicks did we get in total? / Toplam kaç tıklama elde ettik? | B3: =sum('Google Ads Solution'!E:E) -> 418914
A4: How many impressions did we get in total? / Toplam kaç gösterim elde ettik? | B4: =sum('Google Ads Solution'!C:C) -> 20927740
A5: What is Average Cost Per Click (CPC)? / Ortalama Tıklama Başına Maliyet (CPC) nedir? | B5: =B2/B3 -> 1.4939466
A6: What is average CPM? / Ortalama CPM nedir? | B6: =B2/(B4/1000) -> 29.904574
A7: How many conversions have we achieved this year? / Bu yıl kaç dönüşüm elde ettik? | B7: =sum('Google Ads Solution'!J:J) -> 7763
A8: What was the average cost per conversion? / Ortalama dönüşüm başına maliyet neydi? | B8: =B2/B7 -> 80.617694
A9: How much revenue did Google Ads generate this year? / Bu yıl Google Ads tarafından elde edilen gelir ne kadardı? | B9: =sum('Google Ads Solution'!L:L) -> 1211548.2
A10: What is ROAS this year? / Bu yılki ROAS nedir? | B10: =B9/B2 -> 1.9358902
A13: In which month did we spend most of our budget? / Bütçemizin çoğunu hangi ayda harcadık? | B13: December / Aralık
A14: In which month did we achieve the highest conversion rate? / En çok dönüşümü hangi ayda elde ettik? | B14: December / Aralık
A15: In which month did we generate the most revenue? / En çok geliri hangi ayda elde ettik? | B15: December / Aralık
A16: What were CPC and CPM for that month? / O ay için CPC ve CPM neydi? | B16: $1.48 & $30.22
A17: What was the average conversion rate for that month? / O ay için ortalama dönüşüm miktarı neydi? | B17: ='Google Ads Monthly data'!G13 -> 159.91498
A20: What happened in December? / What happened in December? | B20: Aralık genellikle e-ticaret işletmeleri için iyi bir aydır çünkü Noel ve tatiller vardır.
B21: December is generally a good month for e-commerce businesses because of Christmas and the holidays.
A24: Soru (TR) | B24: Question (EN) | C24: Hesaplama / Formula
A25: Bu yıl Google Ads’e toplam ne kadar harcadık? | B25: Total Google Ads Spend (This Year) | C25: =SUM('Google Ads Monthly data'!D2:D1000) -> 625835.16
A26: Toplam kaç tıklama elde ettik? | B26: Total Clicks | C26: =SUM('Google Ads Monthly data'!C2:C1000) -> 418914
A27: Toplam kaç gösterim elde ettik? | B27: Total Impressions | C27: =SUM('Google Ads Monthly data'!B2:B1000) -> 20927740
A28: Ortalama Tıklama Başına Maliyet (CPC) nedir? | B28: Average Cost Per Click (CPC) | C28: =SUM('Google Ads Monthly data'!D2:D1000) / SUM('Google Ads Monthly data'!C2:C1000) -> 1.4939466
A29: Ortalama CPM nedir? | B29: Average Cost Per Mille (CPM) | C29: =SUM('Google Ads Monthly data'!D2:D1000) / SUM('Google Ads Monthly data'!B2:B1000) * 1000 -> 29.904574
A30: Bu yıl kaç dönüşüm elde ettik? | B30: Total Conversions | C30: =SUM('Google Ads Monthly data'!E2:E1000) -> 7763
A31: Ortalama dönüşüm başına maliyet nedir? (CPA) | B31: Average Cost Per Conversion (CPA) | C31: =SUM('Google Ads Monthly data'!D2:D1000) / SUM('Google Ads Monthly data'!E2:E1000) -> 80.617694
A32: Bu yıl Google Ads kaynaklı gelir ne kadar? | B32: Total Revenue from Google Ads | C32: =SUM('Google Ads Monthly data'!F2:F1000) -> 1211548.2
A33: Bu yılki ROAS nedir? | B33: Return on Ad Spend (ROAS) | C33: =SUM('Google Ads Monthly data'!F2:F1000) / SUM('Google Ads Monthly data'!D2:D1000) -> 1.9358902
